Highs,7,1.0,0.005340442,
Custom,7,1.0,0.009961607,51
Highs,7,1.0,0.003854687,
Custom,7,1.0,0.011591857,61
Highs,7,1.0,0.00813827,
Custom,7,1.0,0.021717334,111
Highs,7,1.0,0.004116555,
Custom,7,1.0,0.017404602,85
Highs,7,1.0,0.003664276,
Custom,7,1.0,0.018136445,95
Highs,7,1.0,0.003249477,
Custom,7,1.0,0.008311189,43
Highs,7,1.0,0.004054078,
Custom,7,1.0,0.003618391,19
Highs,7,1.0,0.003354418,
Custom,7,1.0,0.014478319,67
Highs,7,1.0,0.004400295,
Custom,7,1.0,0.017177713,83
Highs,7,1.0,0.002556342,
Custom,7,1.0,0.014881591,75
Highs,7,1.0,0.004380571,
Custom,7,1.0,0.017474104,61
Highs,7,1.0,0.00523383,
Custom,7,1.0,0.007755007,27
Highs,7,1.0,0.005136296,
Custom,7,1.0,0.017338726,87
Highs,7,1.0,0.004451475,
Custom,7,1.0,0.011649178,57
Highs,7,1.0,0.003715908,
Custom,7,1.0,0.01160028,59
Highs,7,1.0,0.003713243,
Custom,7,1.0,0.012969897,65
Highs,7,1.0,0.003692467,
Custom,7,1.0,0.009914911,51
Highs,7,1.0,0.004079012,
Custom,7,1.0,0.01817773,93
Highs,7,1.0,0.005924574,
Custom,7,1.0,0.016084806,83
Highs,7,1.0000000000000004,0.005171025,
Custom,7,1.0,0.013907312,71
Highs,7,1.0,0.008121942,
Custom,7,1.0,0.019558701,103
Highs,7,1.0,0.006070056,
Custom,7,1.0,0.023086747,121
Highs,7,1.0,0.004558353,
Custom,7,1.0,0.016194694,85
Highs,7,1.0,0.002913339,
Custom,7,1.0,0.01274412,65
Highs,7,1.0,0.004404938,
Custom,7,1.0,0.02059525,105
Highs,7,1.0,0.004400226,
Custom,7,1.0,0.020373878,107
Highs,7,1.0,0.00527987,
Custom,7,1.0,0.015744325,83
Highs,7,1.0,0.003422069,
Custom,7,1.0,0.009627478,51
Highs,7,1.0,0.004738606,
Custom,7,1.0,0.007925479,39
Highs,7,1.0,0.003198468,
Custom,7,1.0,0.003163711,17
Highs,7,1.0,0.006024287,
Custom,7,1.0,0.023823656,119
Highs,7,1.0,0.004476774,
Custom,7,1.0,0.020367098,103
Highs,7,1.0,0.006432836,
Custom,7,1.0,0.015699114,77
Highs,7,1.0,0.0033382,
Custom,7,1.0,0.022134009,109
Highs,7,1.0000000000000007,0.002800395,
Custom,7,1.0,0.008599436,39
Highs,7,1.0,0.005168852,
Custom,7,1.0,0.008184139,39
Highs,7,1.0,0.004514856,
Custom,7,1.0,0.010758154,55
Highs,7,1.0,0.002262231,
Custom,7,1.0,0.003867221,21
Highs,7,1.0,0.003296813,
Custom,7,1.0,0.009238812,45
Highs,7,1.0,0.003922116,
Custom,7,1.0,0.027856903,139
Highs,7,1.0,0.003615918,
Custom,7,1.0,0.013528105,69
Highs,7,1.0,0.003522103,
Custom,7,1.0,0.010898964,53
Highs,7,1.0,0.005005527,
Custom,7,1.0,0.013329332,65
Highs,7,1.0,0.004431644,
Custom,7,1.0,0.015750024,75
Highs,7,1.0,0.006065004,
Custom,7,1.0,0.020611353,99
Highs,7,1.0,0.004264332,
Custom,7,1.0,0.007968221,33
Highs,7,1.0,0.005456575,
Custom,7,1.0,0.022824676,111
Highs,7,1.0,0.005873415,
Custom,7,1.0,0.009828335,51
Highs,7,1.0,0.005115266,
Custom,7,1.0,0.019883544,101
Highs,7,1.0,0.005207033,
Custom,7,1.0,0.00923699,49
Highs,7,1.000000000000002,0.004670712,
Custom,7,1.0,0.018693404,87
Highs,7,1.0,0.004513694,
Custom,7,1.0,0.008998909,39
Highs,7,1.0,0.006396881,
Custom,7,1.0,0.009201425,39
Highs,7,1.0,0.006454898,
Custom,7,1.0,0.011284836,59
Highs,7,1.0,0.004867168,
Custom,7,1.0,0.018751109,93
Highs,7,1.0,0.003759638,
Custom,7,1.0,0.010413228,53
Highs,7,1.0000000000000002,0.003224222,
Custom,7,1.0,0.01440946,73
Highs,7,1.0,0.00398847,
Custom,7,1.0,0.020924827,107
Highs,7,1.0,0.003438893,
Custom,7,1.0,0.010410984,55
Highs,7,1.0,0.003566699,
Custom,7,1.0,0.008555528,43
Highs,7,1.0,0.003040981,
Custom,7,1.0,0.014747872,77
Highs,7,1.0,0.004750436,
Custom,7,1.0,0.021844335,113
Highs,7,1.0,0.005597349,
Custom,7,1.0,0.009255811,47
Highs,7,1.0,0.003474387,
Custom,7,1.0,0.008272941,43
Highs,7,1.0,0.005353859,
Custom,7,1.0,0.008928354,45
Highs,7,1.0,0.004028789,
Custom,7,1.0,0.021196167,97
Highs,7,1.0000000000000047,0.003943542,
Custom,7,1.0,0.010283802,51
Highs,7,1.0,0.004798448,
Custom,7,1.0,0.010178664,49
Highs,7,1.000000000000081,0.004241132,
Custom,7,1.0,0.011634319,55
Highs,7,1.0000000000000009,0.006142653,
Custom,7,1.0,0.019671865,91
Highs,7,1.0000000000000007,0.003095438,
Custom,7,1.0,0.007111733,33
Highs,7,1.0,0.003079736,
Custom,7,1.0,0.015432014,79
Highs,7,1.0,0.004644136,
Custom,7,1.0,0.010080117,51
Highs,7,1.0000000000000029,0.006401068,
Custom,7,1.0,0.027033844,139
Highs,7,1.0000000000000957,0.0052775,
Custom,7,1.0,0.018536693,95
Highs,7,1.0,0.006334577,
Custom,7,1.0,0.025536295,131
Highs,7,1.0,0.004963381,
Custom,7,1.0,0.018479184,95
Highs,7,1.0,0.007612249,
Custom,7,1.0,0.016134896,83
Highs,7,1.0000000000000375,0.004278492,
Custom,7,1.0,0.012207408,61
Highs,7,1.0,0.002132592,
Custom,7,1.0,0.011586407,61
Highs,7,1.0,0.003868741,
Custom,7,1.0,0.009441058,49
Highs,7,1.0,0.003892744,
Custom,7,1.0,0.017798522,87
Highs,7,1.0,0.004719458,
Custom,7,1.0,0.020702956,109
Highs,7,1.0,0.003649741,
Custom,7,1.0,0.012933527,57
Highs,7,1.0,0.005017832,
Custom,7,1.0,0.008645514,45
Highs,7,1.0,0.004283388,
Custom,7,1.0,0.006452727,33
Highs,7,1.0,0.003640874,
Custom,7,1.0,0.011692713,61
Highs,7,1.0,0.004636904,
Custom,7,1.0,0.011129878,57
Highs,7,1.0,0.006264078,
Custom,7,1.0,0.009702409,49
Highs,7,1.0,0.002561927,
Custom,7,1.0,0.008188838,29
Highs,7,1.0,0.004574228,
Custom,7,1.0,0.007678148,29
Highs,7,1.0000000000000016,0.003615335,
Custom,7,1.0,0.007760021,39
Highs,7,1.0,0.006268403,
Custom,7,1.0,0.017240412,89
Highs,7,1.0000000000000053,0.003866348,
Custom,7,1.0,0.007414807,39
Highs,7,1.0,0.004108392,
Custom,7,1.0,0.011378154,57
Highs,7,1.0,0.005252672,
Custom,7,1.0,0.018631272,85
Highs,7,1.0,0.003401795,
Custom,7,1.0,0.01652175,87
Highs,7,1.0,0.003765717,
Custom,7,1.0,0.013495918,63
Highs,7,1.0,0.003972169,
Custom,7,1.0,0.013861393,73
Highs,7,1.0,0.004763455,
Custom,7,1.0,0.021067602,109
Highs,9,1.0,0.013655343,
Custom,9,1.0,0.092808644,429
Highs,9,1.0,0.005837204,
Custom,9,1.0,0.044218292,207
Highs,9,1.0,0.007755219,
Custom,9,1.0,0.033038646,143
Highs,9,1.0,0.007212775,
Custom,9,1.0,0.027351133,119
Highs,9,1.0,0.008079661,
Custom,9,1.0,0.061590888,295
Highs,9,1.0,0.012971381,
Custom,9,1.0,0.054110452,259
Highs,9,1.0,0.010190543,
Custom,9,1.0,0.038161643,183
Highs,9,1.0,0.011746975,
Custom,9,1.0,0.071584308,359
Highs,9,1.0,0.005214646,
Custom,9,1.0,0.034697872,175
Highs,9,1.0,0.007058787,
Custom,9,1.0,0.029157441,127
Highs,9,1.0,0.007740599,
Custom,9,1.0,0.036011171,181
Highs,9,1.0,0.010203196,
Custom,9,1.0,0.069130203,341
Highs,9,1.0,0.005960415,
Custom,9,1.0,0.0387727,193
Highs,9,1.0,0.01246466,
Custom,9,1.0,0.080001685,363
Highs,9,1.0,0.005856579,
Custom,9,1.0,0.034680173,165
Highs,9,1.0,0.012452606,
Custom,9,1.0,0.071138826,291
Highs,9,1.0,0.009424244,
Custom,9,1.0,0.03473319,157
Highs,9,1.0,0.006649207,
Custom,9,1.0,0.068196808,317
Highs,9,1.0,0.006842663,
Custom,9,1.0,0.033339815,161
Highs,9,1.0,0.013909355,
Custom,9,1.0,0.071750463,347
Highs,9,1.0,0.005811135,
Custom,9,1.0,0.030788249,131
Highs,9,1.0,0.012007248,
Custom,9,1.0,0.037319207,189
Highs,9,1.0,0.01364691,
Custom,9,1.0,0.077605247,371
Highs,9,1.0,0.007496117,
Custom,9,1.0,0.024787562,121
Highs,9,1.0,0.006601757,
Custom,9,1.0,0.037838354,187
Highs,9,1.0,0.013362943,
Custom,9,1.0,0.059942824,303
Highs,9,1.0,0.006692737,
Custom,9,1.0,0.020421456,101
Highs,9,1.0,0.007676148,
Custom,9,1.0,0.039241982,197
Highs,9,1.0,0.007399877,
Custom,9,1.0,0.046596028,223
Highs,9,1.0,0.009504049,
Custom,9,1.0,0.03479173,173
Highs,9,1.0,0.012171256,
Custom,9,1.0,0.070754833,357
Highs,9,1.0,0.011157297,
Custom,9,1.0,0.090205949,457
Highs,9,1.000000000000001,0.01094202,
Custom,9,1.0,0.039238452,201
Highs,9,1.0,0.008694572,
Custom,9,1.0,0.040838725,199
Highs,9,1.0,0.006777496,
Custom,9,1.0,0.035502837,173
Highs,9,1.0,0.007759483,
Custom,9,1.0,0.056409286,281
Highs,9,1.0,0.010953715,
Custom,9,1.0,0.093722208,451
Highs,9,1.0,0.009024365,
Custom,9,1.0,0.042966418,217
Highs,9,1.0,0.006924195,
Custom,9,1.0,0.046776945,235
Highs,9,1.0,0.011136358,
Custom,9,1.0,0.081502811,405
Highs,9,1.0,0.005847929,
Custom,9,1.0,0.032868802,165
Highs,9,1.0,0.01650094,
Custom,9,1.0,0.064611445,279
Highs,9,1.0,0.008714135,
Custom,9,1.0,0.045686644,221
Highs,9,1.0,0.010130984,
Custom,9,1.0,0.036401831,153
Highs,9,1.0,0.006765356,
Custom,9,1.0,0.027597805,131
Highs,9,1.0,0.008334514,
Custom,9,1.0,0.060955633,305
Highs,9,1.0,0.008518164,
Custom,9,1.0,0.06565084,323
Highs,9,1.0,0.007688062,
Custom,9,1.0,0.021420005,101
Highs,9,1.0,0.005821219,
Custom,9,1.0,0.021863679,111
Highs,9,1.0,0.007314431,
Custom,9,1.0,0.038114317,187
Highs,9,1.0,0.008774986,
Custom,9,1.0,0.050641824,255
Highs,9,1.0,0.016512215,
Custom,9,1.0,0.057849893,293
Highs,9,1.0,0.010051933,
Custom,9,1.0,0.040711753,199
Highs,9,1.0,0.014340263,
Custom,9,1.0,0.042353324,209
Highs,9,1.0000000000000548,0.015283084,
Custom,9,1.0,0.063540782,307
Highs,9,1.0000000000003062,0.021545334,
Custom,9,1.0,0.060663701,297
Highs,9,1.0,0.008664974,
Custom,9,1.0,0.03662593,183
Highs,9,1.0,0.009271835,
Custom,9,1.0,0.041794414,211
Highs,9,1.0,0.013740803,
Custom,9,1.0,0.055738252,271
Highs,9,1.0,0.006838988,
Custom,9,1.0,0.029034878,147
Highs,9,1.0,0.014255779,
Custom,9,1.0,0.049009593,247
Highs,9,1.0,0.007339809,
Custom,9,1.0,0.047686712,243
Highs,9,1.0,0.013903881,
Custom,9,1.0,0.084035857,421
Highs,9,1.0,0.010933545,
Custom,9,1.0,0.072949619,369
Highs,9,1.0,0.00836878,
Custom,9,1.0,0.038420967,187
Highs,9,1.0,0.005933459,
Custom,9,1.0,0.039624682,201
Highs,9,1.0,0.004195429,
Custom,9,1.0,0.029627653,153
Highs,9,1.0,0.00803366,
Custom,9,1.0,0.043180643,209
Highs,9,1.0,0.00946328,
Custom,9,1.0,0.042190083,211
Highs,9,1.0,0.009815218,
Custom,9,1.0,0.058817726,273
Highs,9,1.0,0.015303938,
Custom,9,1.0,0.095357474,415
Highs,9,1.0,0.009565665,
Custom,9,1.0,0.040542884,191
Highs,9,1.0,0.006244303,
Custom,9,1.0,0.044293543,217
Highs,9,1.0,0.008075504,
Custom,9,1.0,0.039162765,193
Highs,9,1.0,0.010432525,
Custom,9,1.0,0.027928804,131
Highs,9,1.0,0.007037605,
Custom,9,1.0,0.041770616,185
Highs,9,1.0,0.008656139,
Custom,9,1.0,0.041734368,211
Highs,9,1.0,0.007704572,
Custom,9,1.0,0.048671308,233
Highs,9,1.0,0.007210687,
Custom,9,1.0,0.027555826,133
Highs,9,1.0,0.008035156,
Custom,9,1.0,0.03815057,181
Highs,9,1.0,0.007094294,
Custom,9,1.0,0.027518774,131
Highs,9,1.0,0.00864838,
Custom,9,1.0,0.037399157,189
Highs,9,1.0,0.009338221,
Custom,9,1.0,0.043550872,219
Highs,9,1.0,0.005751334,
Custom,9,1.0,0.030501839,155
Highs,9,1.0,0.005813959,
Custom,9,1.0,0.041071281,205
Highs,9,1.0,0.012435462,
Custom,9,1.0,0.058370946,287
Highs,9,1.0,0.006105084,
Custom,9,1.0,0.044870164,215
Highs,9,1.0000000000000222,0.010057053,
Custom,9,1.0,0.050658578,259
Highs,9,1.0,0.005984249,
Custom,9,1.0,0.03582306,177
Highs,9,1.0,0.008543489,
Custom,9,1.0,0.052594601,257
Highs,9,1.0,0.015428636,
Custom,9,1.0,0.055047316,279
Highs,9,1.0,0.006519994,
Custom,9,1.0,0.046937627,239
Highs,9,1.0,0.012798972,
Custom,9,1.0,0.07184535,361
Highs,9,1.0,0.006272779,
Custom,9,1.0,0.029423309,143
Highs,9,1.0,0.006510309,
Custom,9,1.0,0.044006321,205
Highs,9,1.0,0.012585558,
Custom,9,1.0,0.061288963,307
Highs,9,1.0,0.006780611,
Custom,9,1.0,0.061383526,295
Highs,9,1.0,0.012822498,
Custom,9,1.0,0.086327227,415
Highs,9,1.0000000000000502,0.008028921,
Custom,9,1.0,0.0548264,269
Highs,9,1.0,0.010342135,
Custom,9,1.0,0.035299854,175
Highs,11,1.0,0.020475545,
Custom,11,1.0,0.172544604,823
Highs,11,1.0,0.018391225,
Custom,11,1.0,0.10276371,501
Highs,11,1.0,0.030766644,
Custom,11,1.0,0.283446291,1387
Highs,11,1.0,0.011896909,
Custom,11,1.0,0.085340088,421
Highs,11,1.0,0.011172532,
Custom,11,1.0,0.104028043,511
Highs,11,1.0,0.019780164,
Custom,11,1.0,0.244489325,1177
Highs,11,1.0000000000000009,0.023025397,
Custom,11,1.0,0.285226331,1361
Highs,11,1.0,0.013448141,
Custom,11,1.0,0.142118326,691
Highs,11,1.0,0.015482872,
Custom,11,1.0,0.181393897,865
Highs,11,1.0,0.015487934,
Custom,11,1.0,0.135520658,655
Highs,11,1.0,0.020269188,
Custom,11,1.0,0.122956224,599
Highs,11,1.0,0.020634631,
Custom,11,1.0,0.155255345,675
Highs,11,1.0,0.018164375,
Custom,11,1.0,0.164778631,785
Highs,11,1.0,0.02137174,
Custom,11,1.0,0.169641379,825
Highs,11,1.0,0.028555424,
Custom,11,1.0,0.158693439,767
Highs,11,1.0,0.016868783,
Custom,11,1.0,0.254002246,1227
Highs,11,1.0,0.018704764,
Custom,11,1.0,0.073935186,351
Highs,11,1.0,0.008994291,
Custom,11,1.0,0.187150573,847
Highs,11,1.0,0.02327523,
Custom,11,1.0,0.169976378,809
Highs,11,1.0,0.020203992,
Custom,11,1.0,0.233743824,1111
Highs,11,1.0,0.031076363,
Custom,11,1.0,0.244456579,1113
Highs,11,1.0,0.022847987,
Custom,11,1.0,0.230332246,933
Highs,11,1.0,0.017821452,
Custom,11,1.0,0.104400316,521
Highs,11,1.0,0.030338513,
Custom,11,1.0,0.211291857,1021
Highs,11,1.0,0.020068297,
Custom,11,1.0,0.112990228,543
Highs,11,1.0,0.0158933,
Custom,11,1.0,0.109154234,537
Highs,11,1.0,0.036681474,
Custom,11,1.0,0.207639631,995
Highs,11,1.0,0.024140892,
Custom,11,1.0,0.091657938,435
Highs,11,1.0,0.013497984,
Custom,11,1.0,0.12151586,591
Highs,11,1.0,0.01250034,
Custom,11,1.0,0.137131378,611
Highs,11,1.0,0.012642659,
Custom,11,1.0,0.055159701,247
Highs,11,1.0,0.023776858,
Custom,11,1.0,0.148311096,707
Highs,11,1.0,0.009982787,
Custom,11,1.0,0.06623641,319
Highs,11,1.0,0.030732721,
Custom,11,1.0,0.256352818,1261
Highs,11,1.0,0.023371995,
Custom,11,1.0,0.182547671,901
Highs,11,1.0,0.023129547,
Custom,11,1.0,0.105547689,523
Highs,11,1.000000000000002,0.023134797,
Custom,11,1.0,0.187885503,909
Highs,11,1.0,0.02584549,
Custom,11,1.0,0.204713019,969
Highs,11,1.0,0.01179226,
Custom,11,1.0,0.080894387,395
Highs,11,1.0,0.036907828,
Custom,11,1.0,0.29648903,1433
Highs,11,1.0,0.027174675,
Custom,11,1.0,0.126991079,629
Highs,11,1.0,0.024887821,
Custom,11,1.0,0.205243625,977
Highs,11,1.0,0.020252404,
Custom,11,1.0,0.17485191,859
Highs,11,1.0,0.019780339,
Custom,11,1.0,0.12474197,607
Highs,11,1.0,0.020864453,
Custom,11,1.0,0.194506959,961
Highs,11,1.0,0.016507589,
Custom,11,1.0,0.170844426,853
Highs,11,1.0,0.014040388,
Custom,11,1.0,0.099346557,491
Highs,11,1.0,0.010308018,
Custom,11,1.0,0.060892416,301
Highs,11,1.0,0.020033069,
Custom,11,1.0,0.161929613,773
Highs,11,1.0,0.025163747,
Custom,11,1.0,0.239177768,1089
Highs,11,1.0,0.02791689,
Custom,11,1.0,0.229221451,1079
Highs,11,1.0,0.014445938,
Custom,11,1.0,0.226059585,1031
Highs,11,1.0,0.011603602,
Custom,11,1.0,0.114203058,557
Highs,11,1.0,0.033045852,
Custom,11,1.0,0.152726513,745
Highs,11,1.0,0.02649501,
Custom,11,1.0,0.136834619,679
Highs,11,1.0,0.015212242,
Custom,11,1.0,0.18242704,851
Highs,11,1.0,0.022732177,
Custom,11,1.0,0.16749721,715
Highs,11,1.0,0.017411627,
Custom,11,1.0,0.081804567,401
Highs,11,1.0,0.017950773,
Custom,11,1.0,0.069730633,341
Highs,11,1.0,0.020739397,
Custom,11,1.0,0.138055616,687
Highs,11,1.0,0.020688847,
Custom,11,1.0,0.119902474,587
Highs,11,1.0,0.019221262,
Custom,11,1.0,0.079214911,393
Highs,11,1.0,0.012889679,
Custom,11,1.0,0.088483757,379
Highs,11,1.0,0.014605184,
Custom,11,1.0,0.122244732,485
Highs,11,1.0,0.024966614,
Custom,11,1.0,0.185944293,901
Highs,11,1.0,0.015890884,
Custom,11,1.0,0.113180438,509
Highs,11,1.0,0.024938694,
Custom,11,1.0,0.164474618,773
Highs,11,1.0,0.015331209,
Custom,11,1.0,0.057773323,287
Highs,11,1.0000000000000075,0.008399393,
Custom,11,1.0,0.101947562,499
Highs,11,1.0,0.018848107,
Custom,11,1.0,0.152045625,739
Highs,11,1.0,0.017998675,
Custom,11,1.0,0.118001214,583
Highs,11,1.0,0.015538419,
Custom,11,1.0,0.170547992,767
Highs,11,1.0,0.026376139,
Custom,11,1.0,0.141322774,669
Highs,11,1.0,0.02514532,
Custom,11,1.0,0.262021796,1267
Highs,11,1.0,0.021854064,
Custom,11,1.0,0.211770085,1033
Highs,11,1.0,0.022993614,
Custom,11,1.0,0.169110775,825
Highs,11,1.0,0.026069872,
Custom,11,1.0,0.193351119,913
Highs,11,1.0000000000000644,0.022788793,
Custom,11,1.0,0.123824067,617
Highs,11,1.0,0.023490361,
Custom,11,1.0,0.173067822,861
Highs,11,1.0,0.01151553,
Custom,11,1.0,0.144593426,721
Highs,11,1.0,0.015839739,
Custom,11,1.0,0.21430587,1059
Highs,11,1.0,0.022246635,
Custom,11,1.0,0.192393809,905
Highs,11,1.0,0.026615288,
Custom,11,1.0,0.298304438,1421
Highs,11,1.0,0.012008346,
Custom,11,1.0,0.127168872,619
Highs,11,1.0,0.018975355,
Custom,11,1.0,0.142217371,687
Highs,11,1.0,0.025612615,
Custom,11,1.0,0.224247723,1095
Highs,11,1.0,0.014569126,
Custom,11,1.0,0.131209669,601
Highs,11,1.0,0.032331768,
Custom,11,1.0,0.197626653,753
Highs,11,1.0,0.023544652,
Custom,11,1.0,0.243675795,1199
Highs,11,1.0,0.014353386,
Custom,11,1.0,0.174663373,871
Highs,11,1.0,0.013795974,
Custom,11,1.0,0.157464887,761
Highs,11,1.0,0.018113558,
Custom,11,1.0,0.128866779,637
Highs,11,1.0,0.015058918,
Custom,11,1.0,0.071253787,343
Highs,11,1.0,0.026966378,
Custom,11,1.0,0.26838561,1211
Highs,11,1.0,0.008882695,
Custom,11,1.0,0.089496264,439
Highs,11,1.0,0.016466276,
Custom,11,1.0,0.159337792,789
Highs,11,1.0,0.032886292,
Custom,11,1.0,0.31760051,1539
Highs,11,1.0,0.015287201,
Custom,11,1.0,0.043913577,213
Highs,11,1.0,0.022883704,
Custom,11,1.0,0.295253036,1377
Highs,11,1.0,0.019794913,
Custom,11,1.0,0.138156932,663
Highs,13,1.0,0.096562758,
Custom,13,1.0,0.893778127,4215
Highs,13,1.0,0.019464045,
Custom,13,1.0,0.264798457,1223
Highs,13,1.0,0.096168415,
Custom,13,1.0,0.992661117,4769
Highs,13,1.0,0.048955703,
Custom,13,1.0,0.544378175,2585
Highs,13,1.0,0.059952598,
Custom,13,1.0,0.64085851,2965
Highs,13,1.0,0.06307181,
Custom,13,1.0,0.854610955,3891
Highs,13,1.0,0.043956844,
Custom,13,1.0,0.571420493,2701
Highs,13,1.0,0.046661068,
Custom,13,1.0,0.469903013,2213
Highs,13,1.0,0.049960525,
Custom,13,1.0,0.513050998,2431
Highs,13,1.0,0.058552166,
Custom,13,1.0,0.697976863,3141
Highs,13,1.0,0.043389821,
Custom,13,1.0,0.36982088,1693
Highs,13,1.0,0.044976759,
Custom,13,1.0,0.611146097,2817
Highs,13,1.0,0.053827361,
Custom,13,1.0,0.700630058,3265
Highs,13,1.0,0.052141512,
Custom,13,1.0,0.767299262,3643
Highs,13,1.0,0.033155487,
Custom,13,1.0,0.393519732,1785
Highs,13,1.0,0.038780873,
Custom,13,1.0,0.366642379,1773
Highs,13,1.0,0.031863281,
Custom,13,1.0,0.469375117,2267
Highs,13,1.0,0.064544902,
Custom,13,1.0,0.554403911,2667
Highs,13,1.0,0.053080947,
Custom,13,1.0,0.582687343,2775
Highs,13,1.0,0.048062672,
Custom,13,1.0,0.789823427,3639
Highs,13,1.0,0.082212681,
Custom,13,1.0,1.106860333,5287
Highs,13,1.0,0.060649143,
Custom,13,1.0,0.951096584,4597
Highs,13,1.0,0.052005715,
Custom,13,1.0,0.540230051,2577
Highs,13,1.0,0.018252562,
Custom,13,1.0,0.155629441,745
Highs,13,1.0,0.029236951,
Custom,13,1.0,0.302953686,1435
Highs,13,1.0,0.045722728,
Custom,13,1.0,0.607622107,2905
Highs,13,1.0,0.079241389,
Custom,13,1.0,0.842636961,3937
Highs,13,1.0,0.045678612,
Custom,13,1.0,0.524934903,2545
Highs,13,1.0,0.028309052,
Custom,13,1.0,0.41591167,2023
Highs,13,1.0,0.035060628,
Custom,13,1.0,0.276266089,1255
Highs,13,1.0,0.02766337,
Custom,13,1.0,0.549476247,2607
Highs,13,1.0,0.044374459,
Custom,13,1.0,0.458255214,2233
Highs,13,1.0,0.040114417,
Custom,13,1.0,0.543908188,2583
Highs,13,1.0,0.029995984,
Custom,13,1.0,0.597624472,2805
Highs,13,1.0,0.020087667,
Custom,13,1.0,0.268850886,1293
Highs,13,1.0,0.054353333,
Custom,13,1.0,0.656488354,3125
Highs,13,1.0,0.05735335,
Custom,13,1.0,0.752056093,3503
Highs,13,1.0,0.089236748,
Custom,13,1.0,0.674948694,3109
Highs,13,1.0,0.074913183,
Custom,13,1.0,0.692266438,3287
Highs,13,1.0,0.052346898,
Custom,13,1.0,0.469350282,2237
Highs,13,1.0,0.048137234,
Custom,13,1.0,0.721769233,3429
Highs,13,1.0,0.027240443,
Custom,13,1.0,0.352824872,1661
Highs,13,1.0,0.042873201,
Custom,13,1.0,0.378040295,1747
Highs,13,1.0,0.059336993,
Custom,13,1.0,0.480466542,2227
Highs,13,1.0,0.038387087,
Custom,13,1.0,0.488441157,2379
Highs,13,1.0,0.036614879,
Custom,13,1.0,0.530817891,2495
Highs,13,1.0,0.075552626,
Custom,13,1.0,0.645950402,3033
Highs,13,1.0,0.064819359,
Custom,13,1.0,1.2820817899999999,5881
Highs,13,1.0,0.045797199,
Custom,13,1.0,0.534996433,2577
Highs,13,1.0,0.03497712,
Custom,13,1.0,0.24042801,1167
Highs,13,1.0,0.047729618,
Custom,13,1.0,0.832175571,3913
Highs,13,1.0,0.053922858,
Custom,13,1.0,0.416153011,2015
Highs,13,1.0,0.079249819,
Custom,13,1.0,1.189819076,5609
Highs,13,1.0,0.040492696,
Custom,13,1.0,0.584993275,2841
Highs,13,1.0,0.050780504,
Custom,13,1.0,0.555078058,2659
Highs,13,1.0,0.076977431,
Custom,13,1.0,0.692022853,3217
Highs,13,1.0,0.067555365,
Custom,13,1.0,0.762772665,3721
Highs,13,1.0,0.049215133,
Custom,13,1.0,0.737211874,3499
Highs,13,1.0,0.044308331,
Custom,13,1.0,0.657864316,3021
Highs,13,1.0,0.033810536,
Custom,13,1.0,0.530770546,2573
Highs,13,1.0,0.037026602,
Custom,13,1.0,0.431097681,2085
Highs,13,1.0,0.02753036,
Custom,13,1.0,0.35901499,1715
Highs,13,1.0,0.057867116,
Custom,13,1.0,0.57630308,2757
Highs,13,1.0,0.048383325,
Custom,13,1.0,0.524232106,2529
Highs,13,1.0,0.044206057,
Custom,13,1.0,0.71366079,3385
Highs,13,1.0,0.018556328,
Custom,13,1.0,0.264527607,1283
Highs,13,1.0,0.057412337,
Custom,13,1.0,0.816236739,3951
Highs,13,1.0,0.0398182,
Custom,13,1.0,0.642779951,2885
Highs,13,1.0,0.041150046,
Custom,13,1.0,0.570114951,2709
Highs,13,1.0,0.0561258,
Custom,13,1.0,0.69206237,3267
Highs,13,1.0,0.058719582,
Custom,13,1.0,0.547600643,2561
Highs,13,1.0,0.034908731,
Custom,13,1.0,0.248392069,1207
Highs,13,1.0,0.043414914,
Custom,13,1.0,0.765450044,3701
Highs,13,1.0,0.075889253,
Custom,13,1.0,0.600312835,2795
Highs,13,1.0,0.031693916,
Custom,13,1.0,0.40497522,1903
Highs,13,1.0,0.069282968,
Custom,13,1.0,0.901598315,4273
Highs,13,1.0,0.057246854,
Custom,13,1.0,0.999496042,4667
Highs,13,1.0,0.039006383,
Custom,13,1.0,0.380318703,1775
Highs,13,1.0,0.056714642,
Custom,13,1.0,0.511152584,2395
Highs,13,1.0,0.04815827,
Custom,13,1.0,0.543273496,2571
Highs,13,1.0,0.056812342,
Custom,13,1.0,1.092621449,5231
Highs,13,1.0,0.070882649,
Custom,13,1.0,0.8875536,4179
Highs,13,1.0,0.038419984,
Custom,13,1.0,0.554017965,2561
Highs,13,1.0,0.037901954,
Custom,13,1.0,0.490745314,2289
Highs,13,1.0,0.0310553,
Custom,13,1.0,0.275573865,1319
Highs,13,1.0,0.056547483,
Custom,13,1.0,0.778396633,3673
Highs,13,1.0,0.054268443,
Custom,13,1.0,1.055511409,5099
Highs,13,1.0,0.060413034,
Custom,13,1.0,0.603751124,2893
Highs,13,1.0,0.053153188,
Custom,13,1.0,0.613518926,2959
Highs,13,1.0,0.046705842,
Custom,13,1.0,1.034792087,4903
Highs,13,1.0,0.045683663,
Custom,13,1.0,0.455274369,2167
Highs,13,1.0,0.064677393,
Custom,13,1.0,0.72704066,3409
Highs,13,1.0,0.031652382,
Custom,13,1.0,0.50829798,2427
Highs,13,1.0,0.051205883,
Custom,13,1.0,0.797792021,3833
Highs,13,1.0,0.029189168,
Custom,13,1.0,0.259449462,1279
Highs,13,1.0,0.050589192,
Custom,13,1.0,0.596601508,2829
Highs,13,1.0,0.056043317,
Custom,13,1.0,0.773450546,3635
Highs,13,1.0,0.041940428,
Custom,13,1.0,0.735598428,3447
Highs,13,1.0,0.044316318,
Custom,13,1.0,0.296179455,1413
Highs,13,1.0,0.047497272,
Custom,13,1.0,0.726506349,3417
Highs,15,1.0,0.122907604,
Custom,15,1.0,1.866371969,8749
Highs,15,1.0,0.096526519,
Custom,15,1.0,1.518146276,7099
Highs,15,1.0,0.223174187,
Custom,15,1.0,2.568877121,11827
Highs,15,1.0,0.042988669,
Custom,15,1.0,1.2450907390000001,5769
Highs,15,1.0,0.087822946,
Custom,15,1.0,1.5136916550000001,7085
Highs,15,1.0,0.165808099,
Custom,15,1.0,1.805949064,8117
Highs,15,1.0,0.141211428,
Custom,15,1.0,2.5743403259999997,12027
Highs,15,1.0,0.1463657,
Custom,15,1.0,2.640269574,12087
Highs,15,1.0,0.152200978,
Custom,15,1.0,2.31967723,10725
Highs,15,1.000000000000001,0.079120836,
Custom,15,1.0,1.469557465,6665
Highs,15,1.0,0.110000138,
Custom,15,1.0,2.9966021400000002,13859
Highs,15,1.0,0.163689901,
Custom,15,1.0,2.725442875,12527
Highs,15,1.0,0.217940003,
Custom,15,1.0,1.884656016,8779
Highs,15,1.0,0.211140526,
Custom,15,1.0,1.286978828,5969
Highs,15,1.0,0.106120007,
Custom,15,1.0,1.65959695,7553
Highs,15,1.0,0.117011087,
Custom,15,1.0,3.443004648,16189
Highs,15,1.0,0.120883317,
Custom,15,1.0,2.268959918,10465
Highs,15,1.0,0.077832129,
Custom,15,1.0,1.5663073079999998,7297
Highs,15,1.0,0.090785459,
Custom,15,1.0,0.709407822,3367
Highs,15,1.0,0.081694387,
Custom,15,1.0,1.980092392,9147
Highs,15,1.0,0.186275631,
Custom,15,1.0,2.2961018,10733
Highs,15,1.0,0.118320152,
Custom,15,1.0,1.463928704,6815
Highs,15,1.0,0.12980093,
Custom,15,1.0,1.124327246,5165
Highs,15,1.0,0.163946329,
Custom,15,1.0,2.120097909,9807
Highs,15,1.0,0.070785904,
Custom,15,1.0,1.143780263,5391
Highs,15,1.0,0.164544739,
Custom,15,1.0,2.544823804,11809
Highs,15,1.0,0.100918418,
Custom,15,1.0,2.082139365,9503
Highs,15,1.0,0.17807873,
Custom,15,1.0,2.360401698,10753
Highs,15,1.0,0.126795024,
Custom,15,1.0,1.486316551,6807
Highs,15,1.0,0.145010482,
Custom,15,1.0,1.1305682639999999,5299
Highs,15,1.0,0.264771984,
Custom,15,1.0,1.546130621,7179
Highs,15,1.0,0.18628133,
Custom,15,1.0,2.265696681,10607
Highs,15,1.0,0.120026268,
Custom,15,1.0,1.7244888710000001,8157
Highs,15,1.0,0.100025679,
Custom,15,1.0,1.222808742,5663
Highs,15,1.0,0.158476126,
Custom,15,1.0,3.363255949,15645
Highs,15,1.0,0.144999236,
Custom,15,1.0,1.9986447649999999,8867
Highs,15,1.0,0.149596751,
Custom,15,1.0,1.887371648,8739
Highs,15,1.0000000000000004,0.142331343,
Custom,15,1.0,2.05695472,9329
Highs,15,1.0,0.052324395,
Custom,15,1.0,1.00176399,4647
Highs,15,1.0000000000000022,0.20593596,
Custom,15,1.0,2.5650424210000002,11779
Highs,15,1.0,0.211534506,
Custom,15,1.0,2.416030512,11165
Highs,15,1.0,0.137780955,
Custom,15,1.0,1.378145712,6367
Highs,15,1.0,0.155098676,
Custom,15,1.0,1.189728977,5491
Highs,15,1.0,0.229351862,
Custom,15,1.0,3.361630989,15389
Highs,15,1.0,0.073360323,
Custom,15,1.0,1.396193078,6563
Highs,15,1.0,0.141915094,
Custom,15,1.0,1.9593155960000002,9229
Highs,15,1.0,0.124604603,
Custom,15,1.0,1.806222999,8433
Highs,15,1.0,0.264424096,
Custom,15,1.0,2.936835051,13745
Highs,15,1.0,0.212766271,
Custom,15,1.0,3.11809309,14707
Highs,15,1.0,0.112816749,
Custom,15,1.0,1.234309955,5799
Highs,15,1.0,0.227062338,
Custom,15,1.0,1.7967033350000001,8473
Highs,15,1.0,0.086017025,
Custom,15,1.0,1.980017545,9281
Highs,15,1.0,0.058576295,
Custom,15,1.0,1.200515767,5739
Highs,15,1.0,0.118295416,
Custom,15,1.0,1.828776878,8701
Highs,15,1.0,0.152358891,
Custom,15,1.0,2.546718385,11927
Highs,15,1.0,0.130132205,
Custom,15,1.0,1.899417739,8699
Highs,15,1.0,0.121172779,
Custom,15,1.0,1.3576187800000001,6353
Highs,15,1.0,0.099385928,
Custom,15,1.0,2.601219174,12057
Highs,15,1.0,0.107148452,
Custom,15,1.0,1.854550895,8479
Highs,15,1.0,0.072430249,
Custom,15,1.0,1.5953175750000002,7127
Highs,15,1.0,0.179237107,
Custom,15,1.0,1.63922751,7431
Highs,15,1.0,0.075722368,
Custom,15,1.0,1.07239715,5079
Highs,15,1.0,0.163427134,
Custom,15,1.0,2.091691925,9467
Highs,15,1.0,0.178055352,
Custom,15,1.0,2.90257922,13293
Highs,15,1.0,0.141195561,
Custom,15,1.0,2.296767265,10621
Highs,15,1.0,0.066697906,
Custom,15,1.0,0.858667412,3897
Highs,15,1.0,0.057360564,
Custom,15,1.0,0.983009684,4511
Highs,15,1.0,0.060722416,
Custom,15,1.0,1.272803537,5917
Highs,15,1.0,0.11057612,
Custom,15,1.0,1.322745175,6087
Highs,15,1.0,0.173004668,
Custom,15,1.0,2.605750149,11827
Highs,15,1.0,0.242987328,
Custom,15,1.0,1.760354817,8251
Highs,15,1.0000000000000009,0.13210532,
Custom,15,1.0,1.785176535,8223
Highs,15,1.0,0.141308973,
Custom,15,1.0,1.672255819,7687
Highs,15,1.0,0.150977133,
Custom,15,1.0,1.741851253,8095
Highs,15,1.0,0.161555523,
Custom,15,1.0,2.392730671,10963
Highs,15,1.0,0.063833493,
Custom,15,1.0,1.5297693799999998,6917
Highs,15,1.0,0.144379486,
Custom,15,1.0,1.96841431,9129
Highs,15,1.0,0.224648819,
Custom,15,1.0,2.835131709,13083
Highs,15,1.0,0.134529883,
Custom,15,1.0,2.258851671,10505
Highs,15,1.0,0.164843666,
Custom,15,1.0,3.215188336,14943
Highs,15,1.0,0.185251829,
Custom,15,1.0,3.370989582,15509
Highs,15,1.0,0.160255656,
Custom,15,1.0,1.554161221,7149
Highs,15,1.0,0.156215984,
Custom,15,1.0,2.932586843,13551
Highs,15,1.0,0.208560372,
Custom,15,1.0,2.670646408,12367
Highs,15,1.0,0.216766622,
Custom,15,1.0,2.339010418,10789
Highs,15,1.0000000000000024,0.308320174,
Custom,15,1.0,3.143176236,14391
Highs,15,1.0,0.139705709,
Custom,15,1.0,1.692801328,7745
Highs,15,1.0,0.108252691,
Custom,15,1.0,1.45475172,6779
Highs,15,1.0,0.105542252,
Custom,15,1.0,1.271193447,5955
Highs,15,1.0,0.090315188,
Custom,15,1.0,1.240491822,5775
Highs,15,1.0,0.123992871,
Custom,15,1.0,1.175471114,5477
Highs,15,1.0,0.210176031,
Custom,15,1.0,3.48257028,15933
Highs,15,1.0,0.132615236,
Custom,15,1.0,1.90855971,8827
Highs,15,1.0,0.220735246,
Custom,15,1.0,2.485406406,11267
Highs,15,1.0,0.136621335,
Custom,15,1.0,1.30462824,5869
Highs,15,1.0,0.209580933,
Custom,15,1.0,1.672271761,7523
Highs,15,1.0,0.140735086,
Custom,15,1.0,2.194962973,9831
Highs,15,1.0,0.209052345,
Custom,15,1.0,3.498658088,15787
Highs,15,1.0,0.089344991,
Custom,15,1.0,0.790143316,3613
Highs,15,1.0,0.083147927,
Custom,15,1.0,1.48839447,6779
Highs,17,1.0,0.710209153,
Custom,17,1.0,10.043139198,43961
Highs,17,1.0,0.884426314,
Custom,17,1.0,9.118564379,40153
Highs,17,1.0,0.880981977,
Custom,17,1.0,14.357699328,63417
Highs,17,1.0,0.640407483,
Custom,17,1.0,8.501482702,36365
Highs,17,1.0,0.354024683,
Custom,17,1.0,6.54512033,28843
Highs,17,1.0,0.879342834,
Custom,17,1.0,11.001745076,48275
Highs,17,1.0,0.831350905,
Custom,17,1.0,14.167680885,62125
Highs,17,1.0,0.704763199,
Custom,17,1.0,7.647639333,33211
Highs,17,1.0,0.610559334,
Custom,17,1.0,9.719641776,42615
Highs,17,1.0,0.177495342,
Custom,17,1.0,4.046590659,18055
Highs,17,1.0,0.481398747,
Custom,17,1.0,4.38869145,19255
Highs,17,1.0,0.502893076,
Custom,17,1.0,9.211132428,40839
Highs,17,1.0,1.045574019,
Custom,17,1.0,13.636021905,59837
Highs,17,1.0,0.396395243,
Custom,17,1.0,8.710737053,37983
Highs,17,1.0,1.007585596,
Custom,17,1.0,10.397659932,44771
Highs,17,1.0,0.591407427,
Custom,17,1.0,8.780785189,37767
Highs,17,1.0,0.58845166,
Custom,17,1.0,7.515911827,32675
Highs,17,1.0,0.249843106,
Custom,17,1.0,3.492581521,15441
Highs,17,1.0,0.471788081,
Custom,17,1.0,6.761541616,30061
Highs,17,1.0,0.173770084,
Custom,17,1.0,3.582246252,15343
Highs,17,1.0,0.42015749,
Custom,17,1.0,6.162349533,26835
Highs,17,1.0,0.729183676,
Custom,17,1.0,12.758770161,56977
Highs,17,1.0,0.403205323,
Custom,17,1.0,7.840274846,34255
Highs,17,1.0,0.620026734,
Custom,17,1.0,12.025520135,52925
Highs,17,1.0,1.006616764,
Custom,17,1.0,18.05195719,79209
Highs,17,1.0,0.541193228,
Custom,17,1.0,8.096900273,35577
Highs,17,1.0,1.370999071,
Custom,17,1.0,11.124074142,48881
Highs,17,1.0,1.1849308060000001,
Custom,17,1.0,7.197477067,31625
Highs,17,1.0,0.406023524,
Custom,17,1.0,10.652778949,46769
Highs,17,1.0,0.487490317,
Custom,17,1.0,8.470596205,37749
Highs,17,1.0,0.777178891,
Custom,17,1.0,10.0607906,45405
Highs,17,1.0000000000000058,0.836528555,
Custom,17,1.0,8.825648126,40019
Highs,17,1.0,0.239961641,
Custom,17,1.0,3.162071583,14593
Highs,17,1.0,0.207096861,
Custom,17,1.0,2.936988593,13531
Highs,17,1.0,0.44428279,
Custom,17,1.0,9.066485556,41447
Highs,17,1.0,1.048852943,
Custom,17,1.0,9.842410228,44999
Highs,17,1.0,0.97339359,
Custom,17,1.0,17.501496657,78625
Highs,17,1.0,0.327838853,
Custom,17,1.0,6.950531212,31631
Highs,17,1.0,0.501463207,
Custom,17,1.0,5.106470692,22837
Highs,17,1.0,1.093653084,
Custom,17,1.0,12.131311742,55187
Highs,17,1.0,0.314444807,
Custom,17,1.0,3.677513127,16483
Highs,17,1.0,0.624709891,
Custom,17,1.0,9.678664964,43489
Highs,17,1.0,0.783602651,
Custom,17,1.0,9.834731393,44979
Highs,17,1.0,0.623044923,
Custom,17,1.0,8.199053234,37349
Highs,17,1.0,0.55234816,
Custom,17,1.0,12.081542549,55099
Highs,17,1.0,0.40326566,
Custom,17,1.0,6.590248199,30095
Highs,17,1.0,1.140568799,
Custom,17,1.0,15.250989268,69473
Highs,17,1.0,0.516282146,
Custom,17,1.0,9.841251726,44541
Highs,17,1.0,0.278961313,
Custom,17,1.0,3.201522626,14603
Highs,17,1.0,0.417263344,
Custom,17,1.0,7.6041944390000005,34833
Highs,17,1.0,0.872096014,
Custom,17,1.0,12.909341494,59589
Highs,17,1.0,0.475005538,
Custom,17,1.0,5.06140309,23313
Highs,17,1.0,0.216002141,
Custom,17,1.0,7.800806653,35563
Highs,17,1.0,0.376104895,
Custom,17,1.0,8.984308346,41121
Highs,17,1.0,0.840959329,
Custom,17,1.0,14.094572541,64553
Highs,17,1.0,0.371337873,
Custom,17,1.0,5.750231371,26123
Highs,17,1.0,0.629977599,
Custom,17,1.0,8.751090027,40171
Highs,17,1.0000000000000013,0.433883457,
Custom,17,1.0,7.799571424,35913
Highs,17,1.0000000000000098,0.904627541,
Custom,17,1.0,9.119594093,41209
Highs,17,1.0,0.400753585,
Custom,17,1.0,7.896257688,36111
Highs,17,1.0,0.494988002,
Custom,17,1.0,8.331544652,38621
Highs,17,1.0000000000000004,0.747685448,
Custom,17,1.0,10.851578756,49891
Highs,17,1.0,0.748015897,
Custom,17,1.0,14.852989508,68087
Highs,17,1.0,0.412198398,
Custom,17,1.0,5.143277805,24089
Highs,17,1.0,0.319095385,
Custom,17,1.0,3.179233784,14871
Highs,17,1.0,0.285731219,
Custom,17,1.0,3.354876831,15309
Highs,17,1.0,0.664556515,
Custom,17,1.0,9.142099081,42183
Highs,17,1.0,0.914281367,
Custom,17,1.0,8.42986786,38861
Highs,17,1.0,1.098867663,
Custom,17,1.0,13.117113558,60427
Highs,17,1.0,0.665441427,
Custom,17,1.0,6.306605959,28695
Highs,17,1.0000000083372342,0.757179008,
Custom,17,1.0,10.6506498,49131
Highs,17,1.0,0.291444611,
Custom,17,1.0,4.200516196,19369
Highs,17,1.0,0.550600148,
Custom,17,1.0,9.456480228,43359
Highs,17,1.0,0.201969237,
Custom,17,1.0,2.4126259230000002,11161
Highs,17,1.0,0.638836395,
Custom,17,1.0,8.106236776,37347
Highs,17,1.0,0.322633813,
Custom,17,1.0,3.7505715779999997,17237
Highs,17,1.0,0.685094481,
Custom,17,1.0,4.422056645,20493
Highs,17,1.0,0.851244432,
Custom,17,1.0,10.100512151,46843
Highs,17,1.0,0.689151196,
Custom,17,1.0,13.332205352999999,61121
Highs,17,1.0,0.983220473,
Custom,17,1.0,10.162033673,46947
Highs,17,1.0,0.637586769,
Custom,17,1.0,10.639992812,49215
Highs,17,1.0,0.586273885,
Custom,17,1.0,12.751332943,58559
Highs,17,1.0,0.93392481,
Custom,17,1.0,8.660323466,39753
Highs,17,1.0,0.558866828,
Custom,17,1.0,7.269727133,33017
Highs,17,1.0,0.790836201,
Custom,17,1.0,13.951645861,63923
Highs,17,1.0,0.339535603,
Custom,17,1.0,4.000579095,18253
Highs,17,1.0,0.563576413,
Custom,17,1.0,9.281045579,42111
Highs,17,1.0,0.737972733,
Custom,17,1.0,6.831960128,31001
Highs,17,1.0,0.499848503,
Custom,17,1.0,4.878411782,22257
Highs,17,1.0,0.208452362,
Custom,17,1.0,5.320659229,23877
Highs,17,1.0,0.735170655,
Custom,17,1.0,12.356733327,55899
Highs,17,1.0,0.17937357,
Custom,17,1.0,4.30522274,19791
Highs,17,1.0,0.422191085,
Custom,17,1.0,5.108186332,23071
Highs,17,1.0,0.406112123,
Custom,17,1.0,5.333746636,24121
Highs,17,1.0,0.898887049,
Custom,17,1.0,6.564714448,29663
Highs,17,1.0,0.606341387,
Custom,17,1.0,9.3855569,43361
Highs,17,1.0,0.376027982,
Custom,17,1.0,6.965052312,31291
Highs,17,1.0,0.690898439,
Custom,17,1.0,6.809025065,31031
Highs,17,1.0,0.433792402,
Custom,17,1.0,6.530502232,29303
Highs,17,1.0,0.596701648,
Custom,17,1.0,8.33507505,37633
Highs,19,1.0,2.014974331,
Custom,19,1.0,36.743189111,164679
Highs,19,1.0,1.203182264,
Custom,19,1.0,22.63642887,99305
Highs,19,1.0,2.8727773,
Custom,19,1.0,44.832178732,210231
Highs,19,1.0,2.594836807,
Custom,19,1.0,47.090247403,219889
Highs,19,1.0,0.84368719,
Custom,19,1.0,18.026979134,80891
Highs,19,1.0,2.952560816,
Custom,19,1.0,34.882504445,162921
Highs,19,1.0,1.433186829,
Custom,19,1.0,27.400981748,128167
Highs,19,1.0,1.685266621,
Custom,19,1.0,20.406686697,95561
Highs,19,1.0,1.464272594,
Custom,19,1.0,20.189346907,91963
Highs,19,1.0,1.628557281,
Custom,19,1.0,25.387415765,110985
Highs,19,1.0,1.958939225,
Custom,19,1.0,21.797821797,101751
Highs,19,1.0,3.538240628,
Custom,19,1.0,62.253659238,281569
Highs,21,1.0,13.651561222,
Custom,21,1.0,162.263977088,714413
